{
  "project_info": {
    "project_number": "304840887678",
    "project_id": "finals-frfr",
    "storage_bucket": "finals-frfr.appspot.com"
  },
  "client": [
    {
      "client_info": {
        "mobilesdk_app_id": "1:304840887678:android:bddf35a6520b8b7aa8372f",
        "android_client_info": {
          "package_name": "com.example.finals"
        }
      },
      "oauth_client": [],
      "api_key": [
        {
          "current_key": "AIzaSyCchX1O1vQ4Ha6dCtSFMM8ehG-ggZf3sKk"
        }
      ],
      "services": {
        "appinvite_service": {
          "other_platform_oauth_client": []
        }
      }
    }
  ],
  "configuration_version": "1"
}